{"entities":{"pages":{"RunLikeMe":{"id":"RunLikeMe","title":"RunLikeMe","url":"runlikeme.html","level":0,"pages":["RunLikeMe-Installation","RunLikeMe-Usage","Initialize-Template-Folder","Create-Run-Configuration-Templates","Run-Like-Me-Generate-Run-Configurations","Run-Like-Me-Reference-And-Support"],"tabIndex":0},"RunLikeMe-Installation":{"id":"RunLikeMe-Installation","title":"Installation and Settings","url":"runlikeme-installation.html","level":1,"parentId":"RunLikeMe","tabIndex":0},"RunLikeMe-Usage":{"id":"RunLikeMe-Usage","title":"RunLikeMe Usage","url":"runlikeme-usage.html","level":1,"parentId":"RunLikeMe","tabIndex":1},"Initialize-Template-Folder":{"id":"Initialize-Template-Folder","title":"Initialize Template Folder","url":"initialize-template-folder.html","level":1,"parentId":"RunLikeMe","tabIndex":2},"Create-Run-Configuration-Templates":{"id":"Create-Run-Configuration-Templates","title":"Create Run Configuration Templates","url":"create-run-configuration-templates.html","level":1,"parentId":"RunLikeMe","tabIndex":3},"Run-Like-Me-Generate-Run-Configurations":{"id":"Run-Like-Me-Generate-Run-Configurations","title":"Run Like Me Generate Run Configurations","url":"run-like-me-generate-run-configurations.html","level":1,"parentId":"RunLikeMe","tabIndex":4},"Run-Like-Me-Reference-And-Support":{"id":"Run-Like-Me-Reference-And-Support","title":"Run Like Me Reference And Support","url":"run-like-me-reference-and-support.html","level":1,"parentId":"RunLikeMe","tabIndex":5}}},"topLevelIds":["RunLikeMe"]}