{"title":"Run Like Me","subtitle":"This plugin enhances your development experience by simplifying the management and generation of Run Configurations.","tips":[{"title":"Installation\n                and Settings\n                Guide","description":"How to install Run Like Me plugin","url":"runlikeme-installation.html","type":"start"},{"title":"Run Like Me How to","description":"Run Like Me features","url":"runlikeme-usage.html","type":"learn"}],"main":{"title":"Get started","data":[{"title":"Run Like Me How\n                to","description":"Run Like Me features","url":"initialize-template-folder.html","type":"learn"}]},"highlighted":{"title":"Reference and Support","data":[{"title":"Run Like Me Reference And Support","description":"References and Support","url":"run-like-me-reference-and-support.html"}]},"prevNextLinks":{"nextPageUrl":"runlikeme-installation.html","nextPageTitle":"Installation and Settings"}}